<?xml version="1.0" encoding="utf-8"?>
<openerp>
    <data>

        <record model="ir.module.category" id="module_category_dms">
            <field name="name">Document Management System</field>
            <field name="description">Document Management System speicfic groups.</field>
            <field name="sequence">10</field>
        </record>

        <record id="group_dms_admin" model="res.groups">
            <field name="name">DMS Administrator</field>
            <field name="category_id" ref="module_category_dms"/>
        </record>

        <record id="group_dms_user" model="res.groups">
            <field name="name">DMS User</field>
            <field name="category_id" ref="module_category_dms"/>
            <!--<field name="users" eval="[(4, ref('base.user_root'))]"/>-->
            <!--<field name="implied_ids" eval="[(4, ref('base.group_user'))]"/>-->
        </record>

        <record id="group_dms_admin1" model="res.groups">
            <field name="name">Branch Head</field>
            <field name="category_id" ref="module_category_dms"/>
        </record>

        <record id="group_dms_admin3" model="res.groups">
            <field name="name">BOH</field>
            <field name="category_id" ref="module_category_dms"/>
        </record>


        <record id="group_dms_admin5" model="res.groups">
            <field name="name">AOCM</field>
            <field name="category_id" ref="module_category_dms"/>
        </record>


        <record id="group_dms_admin7" model="res.groups">
            <field name="name">GA BU Coordinator</field>
            <field name="category_id" ref="module_category_dms"/>
        </record>


        <record id="group_dms_admin9" model="res.groups">
            <field name="name">HC EE, IR &amp; OS Dept Head</field>
            <field name="category_id" ref="module_category_dms"/>
        </record>


        <record id="group_dms_admin11" model="res.groups">
            <field name="name">HC Shared Service Div Head</field>
            <field name="category_id" ref="module_category_dms"/>
        </record>


        <record id="group_dms_admin13" model="res.groups">
            <field name="name">Chief HC Officer</field>
            <field name="category_id" ref="module_category_dms"/>
        </record>


        <record id="group_dms_admin15" model="res.groups">
            <field name="name">BU Head</field>
            <field name="category_id" ref="module_category_dms"/>
        </record>

        <record id="group_dms_admin17" model="res.groups">
            <field name="name">Compliance Service Specialist</field>
            <field name="category_id" ref="module_category_dms"/>
        </record>

        <record id="group_dms_admin18" model="res.groups">
            <field name="name">GA &amp; PIM Dept Head</field>
            <field name="category_id" ref="module_category_dms"/>
        </record>

        <record id="group_dms_admin21" model="res.groups">
            <field name="name">Operation Control Dept Head</field>
            <field name="category_id" ref="module_category_dms"/>
        </record>

        <record id="group_dms_admin23" model="res.groups">
            <field name="name">Compliance Dept Head</field>
            <field name="category_id" ref="module_category_dms"/>
        </record>

        <record id="group_dms_admin25" model="res.groups">
            <field name="name">LCLC Div Head</field>
            <field name="category_id" ref="module_category_dms"/>
        </record>

        <record id="group_dms_admin27" model="res.groups">
            <field name="name">Operations Div Head</field>
            <field name="category_id" ref="module_category_dms"/>
        </record>

        <record id="group_dms_admin29" model="res.groups">
            <field name="name">Operations Director</field>
            <field name="category_id" ref="module_category_dms"/>
        </record>
    </data>
</openerp>