"id","name","model_id:id","group_id:id","perm_read","perm_write","perm_create","perm_unlink"
"dms_document_type_admin","dms_document_type_admin","model_dms_document_type","group_dms_admin",1,1,1,1
"dms_document_type_user","dms_document_type_user","model_dms_document_type","group_dms_user",1,1,1,0
"dms_document_type_public","dms_document_type_user","model_dms_document_type",,1,0,0,0
"muk_dms_directory_public","muk_dms_directory_public","muk_dms.model_muk_dms_directory",,1,0,0,0
"muk_dms_file_public","muk_dms_file_public","muk_dms.model_muk_dms_file",,1,0,0,0
"dms_classification_public","dms_classification_public","model_dms_classification",,1,0,0,0
"access_dms_legal_status_bisnis_grade","access_dms_legal_status_bisnis_grade","model_dms_legal_status_bisnis_grade",,1,0,0,0
"access_dms_legal_status_grade","access_dms_legal_status_grade","model_dms_legal_status_grade",,1,0,0,0
"access_dms_legal_document_type","access_dms_legal_document_type","model_dms_legal_document_type",,1,0,0,0
"access_dms_legal_region","access_dms_legal_region","model_dms_legal_region",,1,0,0,0
"access_dms_legal","access_dms_legal","model_dms_legal",,1,0,0,0
"access_dms_legal_hasil_penyesuaian","access_dms_legal_hasil_penyesuaian","model_dms_legal_hasil_penyesuaian",,1,0,0,0
"access_dms_contributor","access_dms_contributor","model_dms_contributor",,1,0,0,0
"access_dms_legal_branch","access_dms_legal_branch","model_dms_legal_branch",,1,0,0,0
"access_dms_legal_document_rule","access_dms_legal_document_rule","model_dms_legal_document_rule",,1,0,0,0
"access_dms_rule_receiver","access_dms_rule_receiver","model_dms_rule_receiver",,1,0,0,0
,,,,,,,
"dms_document_type_admin","dms_document_type_admin","model_dms_document_type","group_dms_admin",1,1,1,1
"muk_dms_directory_admin","muk_dms_directory_admin","muk_dms.model_muk_dms_directory","group_dms_admin",1,1,1,1
"muk_dms_file_admin","muk_dms_file_admin","muk_dms.model_muk_dms_file","group_dms_admin",1,1,1,1
"dms_classification_admin","dms_classification_admin","model_dms_classification","group_dms_admin",1,1,1,1
"access_admin_dms_legal_status_bisnis_grade","access_admin_dms_legal_status_bisnis_grade","model_dms_legal_status_bisnis_grade","group_dms_admin",1,1,1,1
"access_admin_dms_legal_status_grade","access_admin_dms_legal_status_grade","model_dms_legal_status_grade","group_dms_admin",1,1,1,1
"access_admin_dms_legal_document_type","access_admin_dms_legal_document_type","model_dms_legal_document_type","group_dms_admin",1,1,1,1
"access_admin_dms_legal_region","access_admin_dms_legal_region","model_dms_legal_region","group_dms_admin",1,1,1,1
"access_admin_dms_legal","access_admin_dms_legal","model_dms_legal","group_dms_admin",1,1,1,1
"access_admin_dms_legal_hasil_penyesuaian","access_admin_dms_legal_hasil_penyesuaian","model_dms_legal_hasil_penyesuaian","group_dms_admin",1,1,1,1
"access_admin_dms_contributor","access_admin_dms_contributor","model_dms_contributor","group_dms_admin",1,1,1,1
"access_admin_dms_legal_branch","access_admin_dms_legal_branch","model_dms_legal_branch","group_dms_admin",1,1,1,1
"access_admin_dms_legal_document_rule","access_admin_dms_legal_document_rule","model_dms_legal_document_rule","group_dms_admin",1,1,1,1
"access_admin_dms_rule_receiver","access_admin_dms_rule_receiver","model_dms_rule_receiver","group_dms_admin",1,1,1,1
