<?xml version="1.0" encoding="UTF-8"?>
<templates id="template" xml:space="preserve">

    <t t-name="ReturnButton">
        <div class='control-button'>
            <i class="fa fa-shopping-cart" />Return
        </div>
    </t>

    <t t-name="OrderLines">
        <tr class='order-line' t-att-data-id='order.id'>
            <td><t t-esc='order.pos_reference' /></td>
            <td>
            <t t-if="order.return_ref">
                 <t t-esc='order.return_ref' />
            </t>
            </td>
            <td><t t-esc='order.partner_id[1]' /></td>
            <td><t t-esc='order.session_id[1]'/></td>
            <td><t t-esc='order.amount_total'/></td>
            <td class="return-button" t-att-data-id='order.pos_reference'><span class="order-button square orders" >Return</span></td>
        </tr>
    </t>

    <t t-name="ReturnOrdersWidget">
        <div class="clientlist-screen screen">
            <div class="screen-content">
                <section class="top-content">
                    <span class='button back'>
                        <i class='fa fa-angle-double-left'></i>
                        Cancel
                    </span>
                    <span class='searchbox' style="margin-left:217px !important;">
                        <input placeholder='Search Orders by ref' />
                        <span class='search-clear'></span>
                    </span>
                </section>
                <section class="full-content">
                    <div class='window'>
                        <section class='subwindow collapsed'>
                            <div class='subwindow-container collapsed'>
                                <div class='subwindow-container-fix order-details-contents'>
                                </div>
                            </div>
                        </section>
                        <section class='subwindow'>
                            <div class='subwindow-container'>
                                <div class='subwindow-container-fix touch-scrollable scrollable-y'>
                                    <table class='client-list'>
                                        <thead>
                                            <tr>
                                                <th>Reciept Ref.</th>
                                                <th>Return Ref.</th>
                                                <th>Partner</th>
                                                <th>Session</th>
                                                <th>Amount Total</th>
                                            </tr>
                                        </thead>
                                        <tbody class='order-list-lines'>
                                        </tbody>
                                    </table>
                                </div>
                            </div>
                        </section>
                    </div>
                </section>
            </div>
        </div>
    </t>

    <t t-name="OrderReturnWidget">
        <div class="modal-dialog">
            <div class="popup popup-selection product_return_pos">
                <p class="title">Return Product</p>
                <div class='selection scrollable-y touch-scrollable'>
                    <table id = "list" cellspacing = "1px" cellpadding = "10px" text-align = "center" width="100%" style="border:1px;padding-left:1.16cm;">
                        <thead>
                            <tr>
                                <td>ID</td>
                                <td>Price</td>
                                <td>Name</td>
                                <td>Qty</td>
                                <td>Dis</td>
                                <td>Line ID</td>
                                <td>Returned Quantity</td>
                            </tr>
                        </thead>
                        <tbody id="table-body">
                        </tbody>
                    </table>
                </div>
                <div class="footer">
                    <div class="button confirm">
                            Return
                        </div>
                    <div class="button cancel">
                        Cancel
                    </div>
                </div>
            </div>
        </div>
    </t>
</templates>