<openerp>
    <data>
        <!-- scheduler : process import -->
        <record forcecreate="True" model="ir.cron" id="process_cek_expired">
            <field name="name">Cek Dokumen Expired</field>
            <field name="active">True</field>
            <field name="user_id" ref="base.user_root"/>
            <field name="interval_number">50</field>
            <field name="interval_type">minutes</field>
            <field name="numbercall">-1</field>
            <field name="doall" eval="False"/>
            <field name="model" eval="'dms.legal'"/>
            <field name="function" eval="'cron_cek_expired'"/>
            <field name="args" eval="'()'"/>
        </record>    
           
    </data>
</openerp>